name,1965,1966,1967,1968,1969,1970,1971,1972,1973,1974,1975,1976,1977,1978,1979,1980,1981,1982,1983,1984,1985,1986,1987,1988,1989,1990,1991,1992,1993,1994,1995,1996,1997,1998,1999,2000,2001,2002,2003,2004,2005,2006,2007,2008,2009,2010,2011,2012,2013,2014,2015,2016,2017,2018
乙晓光,,,,,,,,,,保定,保定,保定,保定,保定,成都,成都,成都,成都,成都,成都,成都,成都,成都,成都,云南,云南,云南,云南,云南,云南,云南,武汉,武汉,武汉,武汉,武汉,武汉,武汉,广州,广州,广州,广州,广州,广州,广州,南京,南京,南京,南京,南京,南京,北京,北京,北京
丁来杭,,,,,,,,,,,,,,,,,,,,,,,,,,,,,,,,,,,,,,,,,,,福州,福州,福州,福州,福州,成都,成都,成都,成都,沈阳,沈阳,沈阳
丁学东,,,,,,,,,,,,,,,,,,,,,,,,,,,,,,,,,,,,,,,,,,,,,,,,,,,,,,
丁薛祥,,,,,,,,,,,,,,,,,,上海,上海,上海,上海,上海,上海,上海,上海,上海,上海,上海,上海市,上海,上海,上海,上海,上海,上海市,上海市,闸北区,闸北区,闸北区,上海市,上海市,上海市,上海市,上海市,上海市,上海市,上海市,上海市,北京,北京,北京,北京,北京,北京
于伟国,,,,,,,,,江苏省,江苏省,江苏省,江苏省,江苏省,江苏省,江苏省,江苏省,江苏省,江苏省,北京,北京,北京,北京,北京,北京,北京,北京,北京,北京,北京,北京,厦门市,厦门,厦门,厦门,厦门市,厦门市,厦门市,厦门市,厦门市,厦门市,福建省,福建省,福建省,福建省,厦门市,厦门市,厦门市,厦门市,福建省,福建省,福建省,福建省,福建省,福建省
于忠福,,,,,,,,,,北京,北京,北京,北京,北京,北京,北京,北京,北京,北京,北京,北京,北京,北京,北京,北京,北京,北京,北京,北京,北京,北京,北京,北京,北京,北京,北京,北京,北京,北京,北京,北京,北京,北京,北京,北京,北京,北京,上海市,上海市,济南,南京,南京,南京,南京
万立骏,,,,,,,,,,,,,,,,,,大连,大连,吉林省,吉林省,吉林省,吉林省,吉林省,吉林省,吉林省,吉林省,大连,大连,大连,大连,大连,大连,北海,北海,北海,北海,北海,北海,北海,北海,北海,北海,北海,北海,北海,北海,北海,北海,北海,北海,北海,北京,北京
习近平,,,,,延川县,延川县,延川县,延川县,延川县,延川县,延川县,延川县,延川县,延川县,北京,北京,北京,正定县,正定县,正定县,厦门市,厦门市,厦门市,宁德,宁德,福州,福州,福州,福州,福州,福州,福建省,福建省,福建省,福建省,福建省,福建省,浙江省,浙江省,浙江省,浙江省,浙江省,北京,北京,北京,北京,北京,北京,北京,北京,北京,北京,北京,北京
马飚,,,,,,,,柳州,柳州,柳州,柳州,柳州,柳州,北京,北京,北京,北京,广西壮族自治区,广西壮族自治区,广西壮族自治区,广西壮族自治区,广西壮族自治区,广西壮族自治区,广西壮族自治区,广西壮族自治区,罗城仫佬族自治县,罗城仫佬族自治县,罗城仫佬族自治县,罗城仫佬族自治县,广西壮族自治区,广西壮族自治区,广西壮族自治区,广西壮族自治区,百色,百色,百色,百色,百色,百色,广西壮族自治区,南宁市,南宁市,南宁市,广西壮族自治区,广西壮族自治区,广西壮族自治区,广西壮族自治区,广西壮族自治区,广西壮族自治区,广西壮族自治区,广西壮族自治区,广西壮族自治区,广西壮族自治区,广西壮族自治区
马兴瑞,,,,,,,,,,,,,,阜新,阜新,阜新,阜新,天津,天津,天津,哈尔滨,哈尔滨,哈尔滨,哈尔滨,哈尔滨,哈尔滨,哈尔滨,哈尔滨,哈尔滨,哈尔滨,哈尔滨,哈尔滨,哈尔滨,哈尔滨,哈尔滨,哈尔滨,哈尔滨,哈尔滨,哈尔滨,哈尔滨,北京,北京,北京,北京,北京,北京,北京,北京,北京,北京,深圳市,深圳市,广东省,广东省
王宁,,,,,,,,,,,,,,,,,,,,,,,,,,,,,,,,,,,,,,,,,,上海,江西省,江西省,江西省,江西省,江西省,江西省,北京,北京,北京,北京,北京,北京
王军,,,,,,,,,,,,,,,,,,,,,,,,,,,,,,,,,,,,,,,,,,,,,,,,,,,,,,
王勇,,,,,黑龙江,黑龙江,黑龙江,黑龙江,黑龙江,黑龙江,黑龙江,黑龙江,黑龙江,黑龙江,北京,北京,北京,北京,北京,北京,北京,北京,哈尔滨,哈尔滨,哈尔滨,哈尔滨,哈尔滨,哈尔滨,哈尔滨,哈尔滨,哈尔滨,哈尔滨,哈尔滨,哈尔滨,哈尔滨,北京,北京,北京,北京,北京,北京,北京,北京,北京,北京,北京,北京,北京,北京,北京,北京,北京,北京,北京
王晨,,,,,宜君县,宜君县,宜君县,宜君县,延安,延安,延安,延安,延安,延安,延安,延安,延安,延安,延安,延安,延安,延安,延安,延安,延安,延安,北京,北京,北京,北京,北京,北京,北京,北京,北京,北京,北京,北京,北京,北京,北京,北京,北京,北京,北京,北京,北京,北京,北京,北京,北京,北京,北京,北京
王毅,,,,,黑龙江,黑龙江,黑龙江,黑龙江,黑龙江,黑龙江,黑龙江,黑龙江,黑龙江,北京,北京,北京,北京,北京,北京,北京,北京,北京,北京,北京,北京,北京,北京,北京,北京,北京,北京,北京,北京,北京,北京,北京,北京,北京,北京,北京,北京,北京,北京,北京,北京,北京,北京,北京,北京,北京,北京,北京,北京,北京
王小洪,,,,,,,,,,闽侯县,闽侯县,闽侯县,闽侯县,闽侯县,闽侯县,闽侯县,闽侯县,闽侯县,闽侯县,闽侯县,闽侯县,闽侯县,闽侯县,闽侯县,郊区,郊区,郊区,郊区,福州市,福州市,福州市,福州市,福州市,漳州市,漳州市,漳州市,漳州市,福建省,福建省,福建省,福建省,福建省,福建省,福建省,福建省,福建省,厦门市,厦门市,河南省,河南,北京市,北京市,北京市,北京市
王玉普,,,,,,,,,,,,,,大庆,大庆,大庆,大庆,大庆,大庆,大庆,大庆,大庆,大庆,大庆,大庆,大庆,大庆,大庆,大庆,北京,北京,北京,大庆,大庆,大庆,北京,北京,北京,大庆,大庆,大庆,大庆,北京,北京,大庆,黑龙江省,黑龙江省,黑龙江省,北京,北京,北京,北京,北京,北京
王正伟,,,,,,,,,,,,同心县,同心县,同心县,同心县,同心县,同心县,同心县,宁夏回族自治区,宁夏回族自治区,宁夏回族自治区,宁夏回族自治区,宁夏回族自治区,宁夏回族自治区,宁夏回族自治区,宁夏回族自治区,宁夏回族自治区,宁夏回族自治区,宁夏回族自治区,北京,北京,北京,宁夏回族自治区,宁夏回族自治区,宁夏回族自治区,北京,北京,北京,宁夏回族自治区,宁夏回族自治区,宁夏回族自治区,宁夏回族自治区,宁夏回族自治区,宁夏回族自治区,宁夏回族自治区,宁夏回族自治区,宁夏回族自治区,宁夏回族自治区,宁夏回族自治区,宁夏回族自治区,北京,北京,北京,北京
王东明,,,,,,,,,,,辽宁省,辽宁省,辽宁省,辽宁,辽宁,辽宁,辽宁,太和区,锦州市,锦州市,绥中县,绥中县,绥中县,绥中县,绥中县,绥中县,辽宁省,辽宁省,辽阳市,辽宁省,辽宁省,辽宁省,北京,北京,北京,北京,北京,北京,北京,北京,北京,北京,北京,北京,北京,北京,北京,北京,四川省,四川省,四川省,四川省,四川省,四川省
王东峰,,,,,,,,,,,,,,,,,西安市,陕西省,陕西省,西安市,西安市,西安市,西安市,西安市,西安市,西安市,西安市,西安市,西安市,北京,北京,北京,北京,陕西省,西安,北京,北京,北京,北京,北京,北京,北京,北京,北京,北京,北京,北京,北京,天津市,天津市,天津市,天津市,河北省,河北省
王尔乘,,,,,,,北京市,北京市,北京市,北京市,北京市,北京市,北京市,北京市,北京市,北京,北京,北京,北京,北京,北京,北京,北京,北京,北京,北京,北京,北京,北京,北京,北京,北京,北京,北京,北京,北京,北京,北京,北京,北京,北京,北京,北京,北京,北京,北京,北京,北京,北京,北京,北京,北京,北京,北京
王志民,,,,,,,,,,,将乐县,福州,福州,郑州,郑州,郑州,郑州,福州,福州,福州,福建省,福建省,福建省,福建省,福建省,福建省,福建省,香港,香港,香港,香港,香港,香港,厦门市,福建,福建,福建,福建,福建,福建,福建,北京,北京,北京,北京,北京,北京,北京,北京,北京,北京,澳门,北京,北京
王志刚,,,,,,,,,,,,滁州市,滁州市,滁州市,滁州市,滁州市,滁州市,滁州市,滁州市,滁州市,滁州市,滁州市,滁州市,滁州市,滁州市,滁州市,滁州市,滁州市,滁州市,滁州市,滁州市,滁州市,滁州市,北京,北京,北京,北京,北京,北京,北京,北京,北京,北京,北京,北京,北京,北京,北京,北京,北京,北京,北京,北京,北京
王沪宁,,,,,,,,上海,上海,上海,上海,上海,上海市,上海市,上海市,上海市,上海市,上海市,上海市,上海市,上海市,上海市,上海市,上海市,上海市,上海市,上海市,上海市,上海市,上海市,北京,北京,北京,北京,北京,北京,北京,北京,北京,北京,北京,北京,北京,北京,北京,北京,北京,北京,北京,北京,北京,北京,北京,北京
王国生,,,,,,,,,,东阿县,东阿县,聊城,聊城,聊城,聊城,聊城,山东,山东,聊城,聊城,聊城,聊城,聊城,聊城,聊城,聊城,唐县,唐县,唐县,唐县,聊城,聊城,山东省,山东省,山东省,连云港市,江苏省,江苏省,江苏省,江苏省,江苏省,江苏省,江苏省,江苏省,江苏省,湖北省,湖北省,湖北省,湖北省,湖北省,湖北省,青海省,青海省,青海省
王建军,,,,,,,,,,,,,,湟中县,青海,青海,西宁市,西宁市,西宁市,西宁市,青海省,青海省,青海省,青海省,青海省,青海省,青海省,青海省,青海省,青海省,青海省,青海省,青海省,青海省,青海省,青海省,青海省,青海省,青海省,青海省,青海省,青海省,青海省,北京,北京,西宁市,西宁,西宁,青海省,青海省,西宁,青海省,青海省,青海省
王建武,,,,,,,,,,,,,,,,,,,,,,,,,,,,,,,,,,,,,,,,,,,,,,,,,,,,,西藏自治区,西藏自治区
王晓东,,,,,,,,,,,,,,,江西,江西,江西,江西,江西省,江西省,江西省,江西省,北京,北京,江西省,江西省,江西省,江西省,贵州省,贵州省,贵州省,贵州省,贵州省,贵州省,贵州省,北京,北京,北京,北京,北京,北京,北京,贵州省,贵州省,贵州省,贵州省,湖北省,湖北,湖北,湖北,湖北,湖北,湖北省,湖北省
王晓晖,,,,,,,,,,,,,,,,,,,,,,北京,北京,北京,北京,北京,北京,北京,北京,北京,北京,北京,北京,北京,北京,北京,北京,北京,北京,北京,北京,北京,北京,北京,北京,北京,北京,北京,北京,北京,北京,北京,北京,北京
王家胜,,,,,,,,,,,,,,,,,,,,,,,,,,,,,,,,,,,,,,,,,,,,,,,,,,北京,北京,北京,北京,北京
王蒙徽,,,,,,,,,,,,,,,,,,,,,,,,,,,,,广州市,广州市,增城市,增城市,增城市,广州市,广州市,广州市,广州市,广州市,番禺区,汕尾市,汕尾市,汕尾市,汕尾市,云浮市,云浮市,云浮市,福建省,福建省,厦门市,厦门市,厦门市,辽宁省,辽宁省,辽宁省
尤权,,,,,黑龙江,黑龙江,黑龙江,黑龙江,黑龙江,黑龙江,黑龙江,北京,北京,北京,北京,北京,北京,北京,北京,北京,北京,北京,北京,北京,北京,北京,北京,北京,北京,北京,北京,北京,北京,北京,北京,北京,北京,北京,北京,北京,北京,北京,北京,北京,北京,北京,北京,福建省,福建省,福建省,福建省,福建省,福建省,福建省
车俊,,,,,,,,,丰县,丰县,丰县,丰县,丰县,丰县,合肥市,合肥市,合肥市,合肥市,合肥市,合肥市,合肥市,合肥市,合肥市,合肥市,合肥市,合肥市,合肥市,合肥市,北京,北京,北京,北京,北京,北京,合肥市,合肥市,合肥市,合肥市,合肥市,合肥市,河北省,河北省,河北省,石家庄市,石家庄市,北京,北京,北京,北京,北京,北京,浙江省,浙江省,浙江省
尹力,,,,,,,,,,,,,,,,山东,山东,山东,山东,山东,山东,山东,上海,上海,上海,上海,上海,上海,上海,上海,上海,上海,上海,上海,上海,上海,北京,北京,北京,北京,北京,北京,北京,北京,北京,北京,北京,北京,北京,北京,北京,四川省,四川省,四川省
巴音朝鲁,,,,,,,,,,,,内蒙古自治区,内蒙古自治区,内蒙古自治区,内蒙古自治区,内蒙古自治区,内蒙古自治区,内蒙古自治区,内蒙古自治区,内蒙古自治区,伊金霍洛旗,伊金霍洛旗,伊金霍洛旗,伊金霍洛旗,伊金霍洛旗,伊金霍洛旗,内蒙古自治区,内蒙古自治区,北京,吉林,吉林,吉林,吉林,北京,北京,北京,浙江省,浙江省,宁波市,宁波市,宁波市,宁波市,宁波市,宁波市,宁波市,吉林省,吉林省,吉林省,吉林省,吉林省,吉林省,吉林省,吉林省,吉林省
巴特尔,,,,,,,,,内蒙古自治区,内蒙古自治区,内蒙古自治区,内蒙古自治区,内蒙古自治区,内蒙古自治区,内蒙古自治区,呼伦贝尔,呼伦贝尔,内蒙古自治区,呼伦贝尔,内蒙古自治区,内蒙古自治区,内蒙古自治区,内蒙古自治区,北京,北京,北京,朝阳区,乌海市,乌海市,乌海市,乌海市,乌海市,乌海市,乌海市,内蒙古自治区,内蒙古自治区,内蒙古自治区,内蒙古自治区,内蒙古自治区,内蒙古自治区,内蒙古自治区,北京,北京,北京,北京,北京,北京,北京,北京,北京,北京,北京,北京,北京
艾力更·依明巴海,,,,,,,乌鲁木齐县,乌鲁木齐市,乌鲁木齐市,乌鲁木齐市,乌鲁木齐市,乌鲁木齐市,乌鲁木齐市,乌鲁木齐市,乌鲁木齐市,乌鲁木齐市,乌鲁木齐市,乌鲁木齐市,乌鲁木齐市,乌鲁木齐市,乌鲁木齐市,乌鲁木齐市,南京市,南京市,南京市,南京市,南京市,乌鲁木齐市,乌鲁木齐市,新疆维吾尔,新疆维吾尔,新疆维吾尔,新疆维吾尔,新疆维吾尔,新疆维吾尔,新疆维吾尔,新疆维吾尔,新疆维吾尔,新疆维吾尔,新疆维吾尔,新疆维吾尔,新疆维吾尔,新疆维吾尔,新疆维吾尔,新疆维吾尔,新疆维吾尔,新疆维吾尔,新疆维吾尔,新疆维吾尔,新疆维吾尔,新疆维吾尔,新疆维吾尔,新疆维吾尔,新疆维吾尔
石泰峰,,,,,,,,,,榆社县,山西,山西,山西,北京,北京,北京,北京,北京,北京,北京,北京,北京,宁晋县,宁晋县,宁晋县,北京,北京,北京,北京,北京,北京,北京,北京,北京,北京,北京,北京,北京,北京,北京,北京,北京,北京,北京,北京,北京,江苏省,江苏省,江苏省,江苏省,江苏省,江苏省,宁夏回族自治区,宁夏回族自治区
布小林,,,,,,,,,,,,内蒙古自治区,内蒙古自治区,内蒙古自治区,内蒙古自治区,北京,北京,北京,北京,北京,内蒙古自治区,内蒙古自治区,内蒙古自治区,内蒙古自治区,内蒙古自治区,内蒙古自治区,内蒙古自治区,内蒙古自治区,内蒙古自治区,内蒙古自治区,内蒙古自治区,内蒙古自治区,内蒙古自治区,吉林,吉林,北京,北京,北京,内蒙古自治区,阿拉善盟,阿拉善盟,阿拉善盟,阿拉善盟,内蒙古自治区,内蒙古自治区,内蒙古自治区,内蒙古自治区,内蒙古自治区,内蒙古自治区,内蒙古自治区,内蒙古自治区,内蒙古自治区,内蒙古自治区,内蒙古自治区
卢展工,,,,,黑龙江省,黑龙江省,黑龙江省,黑龙江省,黑龙江省,黑龙江省,黑龙江省,黑龙江省,黑龙江省,黑龙江省,哈尔滨,哈尔滨,哈尔滨,浙江省,浙江省,浙江省,浙江省,浙江省,北京,嘉兴市,嘉兴市,嘉兴市,浙江省,浙江省,浙江省,浙江省,浙江省,河北省,河北省,河北省,河北省,河北省,福建省,福建省,福建省,福建省,福建省,福建省,福建省,福建省,河南省,河南省,河南省,河南省,河南省,河南省,河南省,河南省,河南省,河南省
白春礼,,,,,,,,,,北京,北京,北京,北京,长春,长春,长春,长春,长春,长春,长春,长春,长春,长春,长春,长春,长春,长春,长春,长春,长春,长春,长春,北京,北京,北京,北京,北京,北京,北京,北京,北京,北京,北京,北京,北京,北京,北京,北京,北京,北京,北京,北京,北京,北京
吉炳轩　,,,,,,,,,,,郑州,郑州,郑州,孟津县,孟津县,孟津县,孟津县,朝阳,朝阳,河南省,河南省,河南省,河南省,河南省,河南省,河南省,新乡市,新乡市,北京,北京,吉林省,吉林省,吉林省,吉林省,吉林省,吉林省,北京,北京,北京,北京,北京,北京,北京,北京,北京,北京,北京,北京,黑龙江省,黑龙江省,黑龙江省,黑龙江省,黑龙江省,黑龙江省
毕井泉,,,,,,,,安县,安县,安县,安县,安县,安县,北京,北京,北京,北京,北京,北京,北京,北京,北京,北京,北京,北京,北京,北京,北京,北京,北京,北京,北京,北京,北京,北京,北京,北京,北京,北京,北京,北京,北京,北京,北京,北京,北京,北京,北京,北京,北京,北京,北京,北京,北京
曲青山,,,,,,,,,贵德县,贵德县,青海省,青海省,青海省,陕西,陕西,陕西,陕西,青海省,青海省,北京,北京,青海省,青海省,青海省,青海省,青海省,青海省,青海省,青海省,青海省,北京,北京,青海省,青海省,青海省,西宁市,青海省,青海省,青海省,青海省,青海省,青海省,青海省,青海省,北京,北京,北京,北京,北京,北京,北京,北京,北京,北京
朱生岭,,,,,,,,,,,,,,,,,,,,,,,,,,,,,,舟山,舟山,舟山,舟山,舟山,舟山,舟山,舟山,舟山,舟山,舟山,舟山,舟山,舟山,舟山,福建省,福建省,福建省,福建省,上海市,上海市,上海市,北京,北京,北京
刘奇,,,,,,,,,,义县,义县,义县,浙江,浙江,浙江,衢州,衢州,衢州,衢州,衢州,衢州,衢州,衢州,衢州,衢州,衢州,衢州,浙江,浙江,浙江省,浙江省,浙江省,浙江省,衢州市,衢州市,衢州市,衢州市,北京,西安,西安,西安,西安,西安,浙江省,浙江省,浙江省,宁波市,宁波市,宁波市,宁波市,宁波市,江西省,江西省,江西省
刘雷,,,,,,,,,,,,,,,,,,,,,,,,兰州,兰州,兰州,兰州,兰州,兰州,兰州,兰州,兰州,兰州,兰州,兰州,兰州,兰州,兰州,兰州,兰州,兰州,兰州,兰州,兰州,兰州,兰州,兰州,兰州,兰州,新疆维吾尔,兰州,兰州,兰州,兰州
刘鹤,,,,,南县,南县,南县,南县,北京,北京,北京,北京,北京,北京,北京,北京,北京,北京,北京,北京,北京,北京,北京,北京,北京,北京,北京,北京,北京,北京,北京,北京,北京,北京,北京,北京,北京,北京,北京,北京,北京,北京,北京,北京,北京,北京,北京,北京,北京,北京,北京,北京,北京,北京
刘士余,,,,,,,,,,,,,,,,,,,,,,,上海市,上海市,上海市,上海市,上海市,上海市,上海市,上海市,上海市,上海市,上海市,上海市,上海市,上海市,上海市,上海市,上海市,上海市,上海市,上海市,上海市,上海市,上海市,上海市,上海市,上海市,上海市,上海市,上海市,上海市,上海市,上海市
刘万龙,,,,,,,,,,,,,,,,,,,,,,,,,,,,,,,,,,,,,,,,,,,,,,,,,,甘肃省,甘肃省,甘肃省,甘肃省,甘肃省
刘奇葆,,,,宿松县,宿松县,宿松县,宿松县,安徽,安徽,安徽省,安徽省,安徽省,安徽省,安徽省,安徽省,安徽省,安徽省,安徽省,安徽省,宿州市,北京,北京,北京,北京,北京,北京,吉林,吉林,吉林,吉林,吉林,吉林,吉林,吉林,吉林,广西壮族自治区,广西壮族自治区,广西壮族自治区,广西壮族自治区,广西壮族自治区,广西壮族自治区,广西壮族自治区,四川省,四川省,四川省,四川省,四川省,四川省,北京,北京,北京,北京,北京,北京
刘国中,,,,,,,,,,,,,,,,,,哈尔滨,哈尔滨,哈尔滨,哈尔滨,哈尔滨,哈尔滨,哈尔滨,哈尔滨,黑龙江省,黑龙江省,黑龙江省,黑龙江省,黑龙江省,黑龙江省,黑龙江省,黑龙江省,黑龙江省,黑龙江省,黑龙江省,黑龙江省,黑龙江省,黑龙江省,鹤岗市,鹤岗市,鹤岗市,黑龙江省,黑龙江省,黑龙江省,黑龙江省,黑龙江省,黑龙江省,北京,北京,北京,北京,北京,北京
刘国治,,,,,,,,,,,,,,,,,,,,,,,,,,,,,,,,,,,,,,,,,,,,,,,,,,,,,,
刘金国,,,,,,,,,,,,昌黎县,昌黎县,昌黎县,昌黎县,昌黎县,昌黎县,昌黎县,河北省,河北省,昌黎县,昌黎县,山海关区,山海关区,山海关区,山海关区,秦皇岛市,秦皇岛市,秦皇岛市,北京,河北省,北京,北京,北京,北京,北京,河北省,河北省,河北省,河北省,河北省,河北省,河北省,河北省,河北省,河北省,河北省,河北省,河北省,北京,北京,北京,北京,北京
刘结一,,,,,,,,,,,,,朝阳区,北京,北京,北京,北京,北京,北京,北京,北京,北京,北京,北京,北京,北京,北京,北京,北京,北京,北京,北京,北京,北京,北京,北京,北京,北京,北京,北京,北京,北京,北京,北京,北京,北京,北京,北京,北京,北京,北京,北京,北京,北京
刘振立,,,,,,,,,,,,,,,,,,,,,,,,,,,,,,,,,,,,,,,,,,,,,北京,北京,北京,北京,北京,北京,北京,北京,北京,北京
刘家义,,,,,,,,,,,开县,开县,开县,四川省,四川省,四川省,四川省,江西,四川省,四川省,四川省,北京,北京,成都,成都,成都,成都,成都,成都,成都,成都,北京,北京,北京,北京,北京,北京,北京,北京,北京,北京,北京,北京,北京,北京,北京,北京,北京,北京,北京,北京,北京,山东省,山东省
刘赐贵,,,,,,,,,福建省,福建省,福建省,福建省,福建省,福建省,福建省,福建省,福建省,福建省,邵武市,邵武市,邵武市,光泽县,光泽县,光泽县,光泽县,光泽县,光泽县,光泽县,福建省,北京,北京,北京,福建省,福建省,莆田市,厦门,厦门,厦门,厦门,厦门,龙岩,龙岩,厦门市,厦门市,厦门市,厦门市,厦门市,厦门市,北京,北京,海南省,海南省,海南省,海南省
刘粤军　,,,,,,,,,,,,,,,,,,,,,,,,,,,,,深圳,广州,广州,广州,北京,北京,澳门,澳门,澳门,广州,广州,广州,广州,广州,兰州,兰州,兰州,兰州,兰州,兰州,兰州,兰州,兰州,兰州,兰州,兰州
齐扎拉,,,,,,,,,,,,,,,云南省,云南省,云南省,云南省,云南省,云南省,云南省,云南省,云南省,云南省,云南省,云南省,云南省,云南省,云南省,云南省,北京,云南,云南,云南,云南,云南省,云南省,云南省,云南省,云南省,云南省,北京,北京,北京,北京,西藏自治区,拉萨,拉萨,拉萨,拉萨,拉萨,拉萨,西藏自治区,西藏自治区
安兆庆,,,,,,,,,,,,,,,,,,,,,,,,,,,,,,,,,,,,,,,,,,,,,,,,,沈阳,南京,南京,北京,北京,北京
许勤,,,,,,,,,,,,,,北京,北京,北京,北京,北京,北京,北京,北京,北京,北京,北京,北京,北京,北京,北京,北京,北京,北京,北京,北京,北京,北京,北京,北京,北京,北京,香港,香港,香港,香港,香港,香港,深圳市,深圳市,深圳市,深圳市,深圳市,深圳市,深圳市,北京,北京
许又声,,,,,,,,,,,闽侯县,闽侯县,福州市,厦门,厦门,厦门,厦门,厦门,厦门,厦门,厦门,厦门,厦门,厦门,厦门,厦门,厦门,厦门,厦门,厦门,江门市,江门市,江门市,江门市,江门市,江门市,江门市,江门市,江门市,江门市,江门市,江门市,江门市,江门市,江门市,江门市,江门市,湖南省,湖南省,湖南省,湖南省,湖南省,湖南省,湖南省
许达哲,,,,,,,,,,,余干县,余干县,余干县,哈尔滨,哈尔滨,哈尔滨,哈尔滨,哈尔滨,哈尔滨,哈尔滨,哈尔滨,哈尔滨,哈尔滨,哈尔滨,哈尔滨,哈尔滨,哈尔滨,哈尔滨,哈尔滨,哈尔滨,哈尔滨,哈尔滨,哈尔滨,北京,北京,北京,北京,北京,北京,北京,北京,北京,北京,北京,北京,北京,北京,北京,北京,北京,北京,湖南省,湖南省,湖南省
许其亮,,,,,,,,,,,,,,,,,,,,,上海,上海,上海,上海,上海,上海,上海,上海,上海,上海,上海,上海,上海,上海,沈阳,沈阳,沈阳,沈阳,沈阳,沈阳,沈阳,沈阳,北京,北京,北京,北京,北京,北京,北京,北京,北京,北京,北京,北京
阮成发,,,,,,,,,,,武汉市,武汉市,武汉市,武汉市,武汉市,武汉市,武汉市,武汉,武汉,武汉,武汉市,武汉市,武汉市,武汉市,武汉,武汉,武汉,武汉,武汉市,武汉市,武昌区,武昌区,武汉市,黄石市,黄石市,黄石市,湖北省,襄樊市,襄樊市,湖北省,湖北省,湖北省,武汉市,武汉市,武汉市,武汉市,武汉市,武汉市,武汉市,武汉市,武汉市,云南省,云南省,云南省
孙志刚,,,,,,,河南省,河南省,武汉,武汉,武汉,武汉,武汉,武汉,武汉,上海,上海,上海,上海,上海,武汉市,武汉市,武汉市,武汉市,武汉市,武汉市,武汉市,汉阳区,武汉,武汉,武汉,武汉,武汉,武汉,宜昌,宜昌,宜昌,湖北省,湖北省,湖北省,湖北省,安徽省,安徽省,安徽省,安徽省,安徽省,安徽省,安徽省,安徽省,安徽省,贵州省,贵州省,贵州省,贵州省
孙金龙,,,,,,,,,,,,,,武汉,武汉,武汉,武汉,浙江省,北京,北京,北京,辽宁省,辽宁省,辽宁省,辽宁省,辽宁省,辽宁省,辽宁省,辽宁省,辽宁省,北京,北京,北京,北京,北京,北京,北京,北京,安徽省,安徽省,合肥市,合肥市,合肥市,合肥市,合肥市,合肥市,安徽省,安徽省,湖南省,湖南省,湖南省,北京,北京,北京
孙绍骋,,,,,,,,,,,,,,,,山东,山东,山东,山东,山东,山东,山东,山东,山东,山东,山东,山东,山东,山东,山东,山东,山东,山东,北京,北京,北京,北京,北京,北京,北京,北京,北京,北京,北京,北京,北京,北京,山东省,山东省,山西省,山西省,山西省,山西省,山西省
孙春兰,鞍山,鞍山,鞍山,鞍山,鞍山,鞍山,鞍山,鞍山,鞍山,鞍山市,鞍山市,鞍山市,鞍山,鞍山,鞍山,鞍山,辽宁,辽宁,辽宁,辽宁,鞍山,鞍山,鞍山,鞍山市,辽宁省,辽宁省,辽宁省,辽宁,辽宁,辽宁,辽宁,辽宁,辽宁省,辽宁省,辽宁省,北京,北京,北京,北京,北京,北京,北京,北京,北京,福建省,福建省,福建省,天津市,天津市,北京,北京,北京,北京,北京
杜家毫,,,,,,,,,上海,上海,上海,上海,上海,上海市,上海市,上海市,北京,上海市,上海市,上海市,上海市,上海市,上海市,上海市,上海市,上海市,上海市,上海市,上海市,上海市,上海市,北京,北京,北京,松江区,松江区,松江区,松江区,上海市,中山,中山,中山,浦东新区,浦东新区,浦东新区,浦东新区,黑龙江省,黑龙江省,湖南省,湖南省,湖南省,湖南省,湖南省,湖南省
李屹,,,,,,,,,,,,,,阿克苏地区,阿克苏地区,阿克苏地区,阿克苏地区,阿克苏地区,阿克苏地区,新疆维吾尔,新疆维吾尔,新疆维吾尔,新疆维吾尔,新疆维吾尔,新疆维吾尔,新疆维吾尔,新疆维吾尔,新疆维吾尔,新疆维吾尔,新疆维吾尔,新疆维吾尔,北京,北京,北京,新疆维吾尔,新疆维吾尔,新疆维吾尔,新疆维吾尔,新疆维吾尔,新疆维吾尔,新疆维吾尔,新疆维吾尔,新疆维吾尔,新疆维吾尔,新疆维吾尔,新疆维吾尔,新疆维吾尔,新疆维吾尔,新疆维吾尔,新疆维吾尔,新疆维吾尔,新疆维吾尔,新疆维吾尔,新疆维吾尔
李希,,,,,,,,,,,两当县,两当县,两当县,两当县,两当县,两当县,两当县,甘肃省,甘肃省,甘肃省,甘肃省,甘肃省,甘肃省,甘肃省,甘肃省,甘肃省,甘肃省,甘肃省,甘肃省,甘肃省,西固区,兰州市,兰州市,兰州市,兰州市,兰州市,张掖,张掖市,张掖市,陕西省,陕西省,延安市,延安市,延安市,延安市,延安市,上海市,上海市,上海市,辽宁省,辽宁省,辽宁省,辽宁省,辽宁省
李斌,,,,,,,,,,长春市,长春市,长春市,长春市,吉林,吉林,吉林,吉林,长春市,长春市,长春市,长春市,长春市,长春市,长春市,长春市,吉林省,长春市,长春市,长春市,吉林省,吉林省,吉林省,吉林省,吉林省,吉林省,吉林省,吉林省,吉林省,吉林省,吉林省,吉林省,吉林省,吉林省,吉林省,吉林省,吉林省,安徽省,安徽省,安徽省,安徽省,安徽省,安徽省,安徽省,安徽省
李强,,,,,,,,,,,,安县,安县,宁波,宁波,宁波,宁波,安县,安县,浙江省,浙江省,浙江省,浙江省,浙江省,浙江省,浙江省,浙江省,浙江省,浙江省,浙江省,浙江,浙江,浙江,浙江省,浙江省,浙江省,北京,北京,香港,香港,香港,香港,香港,香港,香港,香港,浙江省,浙江省,浙江省,浙江省,浙江省,江苏省,江苏省,江苏省
李干杰,,,,,,,,,,,,,,,,,,,,,,,,,北京,北京,北京,北京,北京,北京,北京,北京,北京,平江县,平江县,平江县,平江县,平江县,平江县,平江县,北京,北京,北京,北京,北京,北京,北京,北京,北京,北京,北京,河北省,河北省,河北省
李小鹏,,,,,,,,,,,,,,,,,,,,,,,,,北京,北京,北京,北京,北京,北京,北京,北京,北京,北京,北京,北京,北京,北京,北京,北京,北京,北京,北京,山西省,山西省,山西,山西,山西,山西省,山西省,山西省,山西省,山西省,山西省
李凤彪,,,,,,,,,,,,,,,,,,,,,,,,,,,,,,,,,,,,,,,,,,,,,,,,,,,,成都,成都,成都
李玉赋,,,,,,,,上海,上海,上海,上海,上海,上海,北京,北京,北京,北京,北京,北京,北京,北京,北京,北京,北京,北京,北京,北京,北京,北京,北京,北京,北京,北京,北京,北京,北京,北京,北京,北京,北京,北京,北京,北京,北京,北京,北京,北京,北京,北京,北京,北京,北京,北京,北京
李传广,,,,,,,,,,,,,,,,,,,,,,,,,,,,,,,,,,,,,,,,,,,,,,,,,,,,,北京,北京
李纪恒,,,,,,,,,,,,,,,广西壮族自治区,广西壮族自治区,广西壮族自治区,广西壮族自治区,广西壮族自治区,广西壮族自治区,广西壮族自治区,广西壮族自治区,南县,南县,南县,广西壮族自治区,河池,河池,河池,河池,北京,北京,北京,北京,北京,北京,南宁市,南宁市,南宁市,南宁市,广西壮族自治区,云南,云南,云南,云南,云南,云南省,云南省,云南省,云南省,云南省,内蒙古自治区,内蒙古自治区,内蒙古自治区
李克强,,,,,,,,,,凤阳县,凤阳县,凤阳县,凤阳县,北京,北京,北京,北京,北京,北京,北京,北京,北京,北京,北京,北京,北京,北京,北京,北京,北京,北京,北京,北京,河南省,河南省,河南省,河南省,河南省,河南省,辽宁省,辽宁省,辽宁省,北京,北京,北京,北京,北京,北京,北京,北京,北京,北京,北京,北京
李作成,,,,,,,,,,,,,,,,,,,,,,,,,,,,,,,,,,北京,北京,北京,北京,北京,北京,北京,北京,北京,北京,广州,广州,广州,广州,广州,成都,成都,成都,成都,北京,北京
李尚福,,,,,,,,,,,,,,,,,,,,,,,,,,,,,,,,,,,,,,,,,,,,,,,,,,,,,北京,北京
李国英,,,,,,,,,,,,,,,,,,,,,,,,,,,,,,,,北京,北京,北京,黑龙江省,黑龙江省,黑龙江省,黑龙江省,黑龙江省,黑龙江省,黑龙江省,黑龙江省,黑龙江省,黑龙江省,黑龙江省,黑龙江省,黑龙江省,黑龙江省,黑龙江省,黑龙江省,安徽省,安徽省,安徽省,安徽省
李桥铭,,,,,,,,,,,,,,,,,,,,,,,,,,,,,,,,,,,,,,,,,,,,,,,,,,,,,北京,北京
李晓红,,,,,,,,,,,,,,重庆,重庆,重庆,重庆,重庆,重庆,重庆,重庆,重庆,重庆,重庆,重庆,重庆,重庆,重庆,重庆,重庆,重庆,重庆,重庆,重庆,重庆,重庆,重庆,重庆,重庆,重庆,重庆,重庆,重庆,重庆,重庆,武汉,武汉,武汉,武汉,武汉,武汉,武汉,武汉,武汉
李鸿忠,,,,,,,,,,,苏家屯区,苏家屯区,苏家屯区,吉林,吉林,吉林,吉林,沈阳市,沈阳市,沈阳市,辽宁省,辽宁省,辽宁省,辽宁省,辽宁省,辽宁省,惠州,惠州,惠州,惠州,惠州市,北京,北京,北京,北京,惠州市,广东省,广东省,深圳市,深圳市,深圳市,深圳市,湖北省,湖北省,湖北省,湖北省,湖北省,湖北省,湖北省,湖北省,湖北省,天津市,天津市,天津市
李锦斌,,,,,,,,,,通化市,通化市,通化市,通化市,通化市,长春,长春,长春,吉林省,吉林省,吉林省,吉林省,吉林省,吉林省,吉林省,吉林省,吉林省,通榆县,吉林,吉林,吉林,吉林,吉林,吉林,吉林,吉林,吉林,辽源市,吉林省,吉林省,吉林省,吉林省,吉林省,陕西省,陕西省,陕西省,陕西省,陕西省,陕西省,安徽省,安徽省,安徽省,安徽省,安徽省,安徽省
杨学军,,,,,,,,,,,,,,,,,,,,,,,,,,,,,,,,,,,,,,,,,,,,,,,,,,,,,,
杨洁篪,,,,上海市,上海市,上海市,上海市,上海市,上海市,上海市,上海市,上海市,上海市,上海市,上海市,上海市,上海市,上海市,上海市,上海市,上海市,上海市,上海市,上海市,上海市,上海市,上海市,上海市,上海市,上海市,上海市,北京,北京,北京,北京,北京,南京,南京,南京,南京,南京,南京,南京,南京,南京,南京,南京,南京,北京,北京,北京,北京,北京,北京
杨振武,,,,,,,,,,,,,,,,,,,,河北,河北,河北,河北,河北,河北,北京,北京,北京,北京,北京,北京,北京,北京,北京,北京,北京,北京,北京,北京,北京,北京,北京,北京,北京,北京,北京,北京,北京,上海市,上海市,上海市,上海市,上海市,上海市
杨晓渡,,,,,,和县,和县,和县,上海,上海,上海,那曲地区,那曲地区,那曲地区,那曲地区,那曲地区,那曲地区,那曲地区,那曲地区,那曲地区,那曲地区,那曲地区,那曲地区,北京,北京,北京,北京,西藏自治区,西藏自治区,西藏自治区,西藏自治区,西藏自治区,西藏自治区,北京,北京,北京,北京,北京,北京,北京,北京,上海市,上海市,上海市,上海市,上海市,上海市,上海市,北京,北京,北京,北京,北京,北京
肖捷,,,,,,,,,,,,北京市,北京市,北京市,北京市,北京市,北京市,北京市,北京市,北京市,北京市,北京市,北京市,北京市,北京市,北京市,阜新市,阜新市,阜新市,北京,北京,北京,北京,北京,北京,北京,北京,北京,北京,北京,湖南省,湖南省,湖南省,湖南省,湖南省,湖南省,湖南省,湖南省,湖南省,湖南省,湖南省,湖南省,北京,北京
肖亚庆,,,,,,,,,,,,,,,,,,哈尔滨市,哈尔滨市,哈尔滨市,哈尔滨市,哈尔滨市,哈尔滨市,哈尔滨市,哈尔滨市,哈尔滨市,哈尔滨市,哈尔滨市,哈尔滨市,哈尔滨市,哈尔滨市,哈尔滨市,哈尔滨市,哈尔滨市,哈尔滨市,哈尔滨市,哈尔滨市,哈尔滨市,哈尔滨市,哈尔滨市,哈尔滨市,哈尔滨市,哈尔滨市,哈尔滨市,哈尔滨市,哈尔滨市,哈尔滨市,哈尔滨市,哈尔滨市,哈尔滨市,哈尔滨市,哈尔滨市,哈尔滨市,哈尔滨市
吴社洲,,,,,,,,,,,,,,,,,,,,,,,,,,,,,,,,,,,,,,,,,,,,,,,,湖北省,广州,广州,广州,济南,济南,济南
吴英杰,,,,,,,,,,西藏自治区,西藏自治区,西藏自治区,拉萨,拉萨,拉萨,拉萨,拉萨,拉萨,西藏自治区,西藏自治区,西藏自治区,西藏自治区,西藏自治区,西藏自治区,西藏自治区,西藏自治区,西藏自治区,西藏自治区,西藏自治区,西藏自治区,西藏自治区,西藏自治区,西藏自治区,西藏自治区,西藏自治区,北京,北京,北京,西藏自治区,西藏自治区,西藏自治区,西藏自治区,西藏自治区,西藏自治区,西藏自治区,西藏自治区,西藏自治区,西藏自治区,西藏自治区,西藏自治区,西藏自治区,西藏自治区,西藏自治区,西藏自治区
吴政隆,,,,,,,,,,,,,,,,太原,太原,太原,太原,太原,太原,太原,太原,太原,太原,太原,太原,太原,太原,太原,太原,太原,太原,太原,重庆市,重庆市,重庆市,万州区,万州区,万州区,万州区,万州区,万州区,万州区,北京,北京,北京,北京,重庆市,太原市,太原市,南京市,江苏省,江苏省
邱学强,,,,,,,,,,,青海省,青海省,青海省,青海省,青海省,青海省,青海省,青海省,青海省,青海省,青海省,青海省,青海省,青海省,青海省,青海省,青海省,青海省,青海省,青海省,青海省,青海省,青海省,青海省,青海省,青海省,青海省,青海省,青海省,青海省,青海省,北京,北京,北京,北京,北京,北京,北京,北京,北京,北京,北京,北京,北京
何平,,,,,,,,,,,,,,,,,,,,,,,,,,,,,,,,,,,,,,,,,,,,,,,,,,,,,成都,成都
何立峰,,,,,,,,,永定县,永定县,永定县,永定县,永定县,厦门,厦门,厦门,厦门,厦门,厦门,厦门市,厦门市,厦门市,厦门市,厦门市,厦门市,厦门市,厦门市,厦门市,厦门市,厦门市,厦门,厦门,厦门,厦门,厦门,福州市,福州市,福州市,福州市,福州市,厦门市,厦门市,厦门市,厦门市,滨海新区,滨海新区,滨海新区,滨海新区,天津市,天津市,天津市,天津市,天津市,天津市
应勇,,,,,,,,,,,,浙江省,浙江省,浙江省,浙江省,浙江省,浙江省,浙江省,台州,台州,台州,台州,台州,台州,台州,台州,台州,绍兴市,绍兴市,绍兴市,杭州,杭州,浙江,浙江,浙江,浙江,浙江,浙江,北京,北京,北京,浙江省,浙江省,上海市,上海市,上海市,北京,北京,北京,上海市,上海市,上海市,上海市,上海市
魏凤和,,,,,,,,,,,,,,,,,,,,,,,,,,,,,,,,,,,,,,,,,,,,,,,,北京,北京,北京,北京,北京,北京,北京
穆虹,,,,,,,,,,,,延庆县,延庆县,北京,北京,北京,北京,北京,北京,北京,北京,北京,北京,北京,北京,北京,北京,北京,北京,北京,北京,北京,北京,北京,北京,北京,北京,北京,北京,广西壮族自治区,广西壮族自治区,广西壮族自治区,广西壮族自治区,广西壮族自治区,广西壮族自治区,广西壮族自治区,广西壮族自治区,广西壮族自治区,广西壮族自治区,北京,北京,北京,北京,北京
潘立刚,,,,,,,,,,,北京,北京,北京,大连,大连,大连,大连,大连,大连,北京,北京,北京,北京,北京,北京,北京,北京,北京,北京,北京,北京,北京,北京,北京,北京,北京,北京,北京,北京,北京,北京,湖北省,湖北省,湖北,湖北,北京,北京,北京,北京,北京,北京,北京,北京,北京
黎火辉,,,,,,,,,,,,,,,,,,,,,,,,,,,,,,,,,,,,,,,,,,,,,,,福建省,福建省,福建省,福建省,福建省,福建省,北京,北京
雒树刚,,,,,,,,,,,,,,,,,,,北京,北京,北京,北京,北京,北京,北京,北京,北京,北京,北京,北京,北京,北京,北京,北京,北京,北京,北京,北京,北京,北京,北京,北京,北京,北京,北京,北京,北京,北京,北京,北京,北京,北京,北京,北京
冷溶,,,,,黑龙江,黑龙江,黑龙江,黑龙江,北京,北京,北京市,北京市,北京市,北京市,北京,北京,北京,北京,北京,北京,北京,北京,北京,北京,北京,北京,北京,北京,北京,北京,北京,北京,北京,北京,北京,济南市,北京,北京,北京,北京,北京,北京,北京,北京,北京,北京,北京,北京,北京,北京,北京,北京,北京,北京
汪洋,,,,,,,,安徽省,安徽省,安徽省,安徽省,安徽省,安徽省,安徽省,北京,安徽省,安徽省,安徽省,安徽省,安徽省,安徽省,安徽省,安徽省,铜陵市,北京,北京,北京,安徽省,安徽省,安徽省,安徽省,安徽省,北京,安徽省,安徽省,安徽省,北京,北京,北京,北京,重庆市,重庆市,广东省,广东省,广东省,广东省,广东省,北京,北京,北京,北京,北京,北京,北京
汪永清,,,,,,,,,,,江西省,江西省,江西省,江西省,江西省,江西省,吉林,吉林,吉林,吉林,北京,北京,北京,北京,北京,北京,北京,秦皇岛市,秦皇岛市,秦皇岛市,秦皇岛市,秦皇岛市,秦皇岛市,秦皇岛市,北京,北京,北京,北京,北京,北京,吉林,吉林,吉林,吉林,吉林,吉林,吉林,北京,北京,北京,北京,北京,北京,北京
沈金龙,,,,,,,,,,,,,,,,,,,,,,,,,,,,,,,,,,,,,,,,,,,,,,,大连,大连,大连,大连,大连,北京,北京,北京
沈晓明,,,,,,,,,,,,,,,温州,温州,温州,温州,温州,温州,温州,温州,温州,上海,上海,上海,上海,上海,上海,上海,上海,上海,上海,上海,上海,上海,上海,上海,上海,上海,上海,上海市,上海市,上海,上海,上海,上海,上海,浦东新区,浦东新区,上海,上海,北京,北京
沈跃跃,,,,,,,,,,,,,宁波市,宁波,宁波,宁波,宁波,宁波,宁波,宁波,宁波,浙江,浙江,浙江,浙江,北京,北京,北京,杭州市,杭州市,北京,北京,北京,浙江省,浙江省,浙江省,安徽省,北京,北京,北京,北京,北京,北京,北京,北京,北京,北京,北京,北京,北京,北京,北京,北京,北京
沈德咏,,,,,,,,修水县,修水县,修水县,江西省,江西省,江西省,江西省,江西省,江西省,江西省,江西省,江西省,江西省,江西省,江西省,江西省,江西省,江西省,江西省,江西省,江西省,江西省,江西省,北京,北京,北京,江西省,北京,北京,北京,北京,北京,北京,北京,北京,北京,上海市,上海市,上海市,上海市,上海市,上海市,上海市,上海市,上海市,上海市,上海市
怀进鹏,,,,,,,,,,,,,,,,吉林,吉林,吉林,吉林,哈尔滨,哈尔滨,哈尔滨,北京,北京,北京,北京,北京,北京,北京,北京,北京,北京,北京,北京,北京,北京,北京,北京,北京,北京,北京,北京,北京,北京,北京,北京,北京,北京,北京,北京,北京,北京,北京,北京
宋丹,,,,,,,,,,,,,,北京,北京,北京,北京,北京,北京,北京,北京,北京,北京,北京,北京,北京,北京,北京,北京,北京,北京,北京,北京,北京,北京,北京,北京,北京,北京,北京,北京,北京,北京,北京,北京,北京,北京,北京,北京,北京,北京,北京,北京,北京
宋涛,,,,,,,,,沙县,沙县,沙县,沙县,沙县,福建省,福建省,福建省,福建省,福建省,福建省,福建省,福建省,福建省,福建省,福建省,福建省,福建省,福建省,福建省,福建省,福建省,福建省,福建省,福建省,福建省,福建省,福建省,福建省,福建省,福建省,福建省,福建省,福建省,福建省,福建省,福建省,福建省,福建省,福建省,北京,北京,北京,北京,北京,北京
宋秀岩,,,,,,,西宁,西宁,西宁,西宁,西宁,西宁,西宁,西宁,西宁,西宁,西宁,西宁,青海省,青海省,青海省,青海省,青海省,青海省,青海省,青海省,青海省,青海省,青海,青海,青海,青海,青海,青海省,青海省,青海省,北京,北京,北京,北京,青海省,青海省,青海省,青海省,青海省,北京,北京,北京,北京,北京,北京,北京,北京,北京
张军,,,,,,,,,安县,安县,长春市,长春市,长春市,吉林,吉林,吉林,吉林,吉林,吉林,吉林,吉林,吉林,吉林,吉林,吉林,北京,海淀区,海淀区,海淀区,海淀区,海淀区,海淀区,海淀区,海淀区,海淀区,北京,北京市,北京市,北京市,武汉,武汉,武汉,北京,北京,北京,北京,北京,北京,北京,北京,北京,北京,北京,北京
张又侠,,,,,,,,,,,,,,,,,,,,,,,,,,,,,,,,,,,,,,,,,北京,北京,沈阳,沈阳,沈阳,沈阳,沈阳,北京,北京,北京,北京,北京,北京,北京
张升民,,,,,,,,,,,,,,,,,,,,,,,,,,,,,,,,,,,,,,,,,,,,,,,,,,,,北京,北京,北京
张庆伟,,,,,,,,,,,,,,,,,,,,,,,,,,,,,,,,,,,,,,,,,,,,,北京,北京,北京,河北省,河北省,北京,北京,北京,北京,北京
张庆黎,,,,,,,山东省,山东省,山东省,山东省,山东省,东平县,东平县,北京,北京,北京,北京,北京,北京,北京,北京,东营市,东营市,东营市,东营市,东营市,东营市,北京,东营市,东营市,山东省,山东省,山东省,甘肃省,石河子,石河子,石河子,北京,北京,北京,西藏自治区,西藏自治区,西藏自治区,西藏自治区,西藏自治区,西藏自治区,河北省,河北省,河北省,河北省,河北省,河北省,河北省,河北省
张纪南,,,,,,,,,,塘沽区,天津市,天津市,天津市,武汉,武汉,武汉,武汉,天津市,天津市,塘沽区,塘沽区,天津市,天津市,天津市,天津市,北京,海南省,海南省,海南省,海南省,海南省,海南省,海南省,海南省,海南省,海南省,海南省,海南省,河南省,北京,北京,北京,北京,北京,北京,北京,北京,北京,北京,北京,北京,北京,北京,北京
张国清,,,,,,,,,,,,,,,,,长春,长春,长春,长春,长春,长春,长春,长春,长春,长春,长春,长春,长春,长春,长春,长春,北京,北京,北京,北京,北京,北京,北京,北京,北京,北京,北京,北京,北京,北京,北京,北京,重庆市,重庆市,重庆市,重庆市,重庆市,重庆市
张春贤,,,,,,武汉,武汉,武汉,武汉,武汉,河南省,河南省,河南省,河南省,河南省,河南省,河南省,河南省,河南省,河南省,河南省,河南省,河南省,河南省,河南省,河南省,河南省,河南省,河南省,河南省,云南省,云南省,云南省,哈尔滨,哈尔滨,北京,北京,北京,北京,北京,湖南省,湖南省,湖南省,湖南省,湖南省,北京,北京,北京,北京,北京,北京,北京,北京,北京
张晓明,,,,,,,,,,,,,,,,,,,,,,,,,,,,,,香港,香港,香港,香港,香港,香港,香港,香港,香港,香港,香港,香港,香港,香港,香港,香港,香港,香港,北京,北京,北京,北京,北京,北京,北京
张裔炯,,,,,,,,青海,青海,青海,青海,青海,青海,青海,北京,青海省,青海省,青海省,青海,青海,青海省,青海省,青海省,青海省,青海省,北京,北京,北京,北京,青海,北京,北京,北京,北京,青海省,西宁市,西宁市,西宁市,西宁市,西宁市,西宁市,西藏自治区,西藏自治区,西藏自治区,西藏自治区,江西省,江西省,北京,北京,北京,北京,北京,北京,北京
陆昊,,,,,,,,,,,,,,,,,,,,,北京,北京,北京,北京,北京,北京,北京,北京,北京,北京,北京,北京,北京,北京,海淀区,海淀区,海淀区,北京,北京市,北京市,北京市,北京市,北京市,北京市,北京市,北京市,北京,北京,北京,北京,北京,北京,北京,北京
陈希,,,,,,福州,福州,福州,福州,福州,福州,福州,福州,福州,福州,福州,福州,福州,福州,福州,福州,福州,福州,福州,福州,北京,北京,北京,北京,北京,北京,北京,北京,北京,北京,北京,北京,北京,北京,北京,北京,北京,北京,北京,北京,北京,辽宁省,辽宁省,辽宁省,辽宁省,辽宁省,辽宁省,北京,北京
陈武,,,,,,,,南宁市,南宁市,南宁市,南宁市,南宁市,南宁市,南宁市,南宁市,南宁市,南宁市,广西壮族自治区,广西壮族自治区,广西壮族自治区,广西壮族自治区,广西壮族自治区,广西壮族自治区,广西壮族自治区,广西壮族自治区,广西壮族自治区,广西壮族自治区,广西壮族自治区,南宁,南宁,南宁,南宁,北京,北京,北京,北京,北京,北京,广西壮族自治区,广西壮族自治区,广西壮族自治区,广西壮族自治区,广西壮族自治区,广西壮族自治区,广西壮族自治区,广西壮族自治区,南宁市,南宁市,广西壮族自治区,广西壮族自治区,广西壮族自治区,广西壮族自治区,广西壮族自治区,广西壮族自治区
陈豪,,,,,,,,,江苏省,江苏省,江苏省,江苏省,江苏省,江苏省,静安区,静安区,静安区,静安区,静安区,静安区,静安区,静安区,静安区,静安区,静安区,静安区,静安区,静安区,静安区,静安区,静安区,静安区,上海市,上海市,上海市,上海市,上海市,上海市,上海市,上海市,上海市,北京,北京,上海市,上海市,上海市,上海市,上海市,上海市,云南省,云南省,云南省,北京,北京
陈文清,,,,,,,,,,,,,,,,,,,,金口河区,金口河区,五通桥区,五通桥区,五通桥区,五通桥区,乐山市,乐山市,乐山市,乐山市,四川省,四川,四川,四川,四川省,四川省,四川省,四川省,四川省,四川省,四川省,四川省,四川省,四川省,四川省,四川省,四川省,福建省,福建,福建,福建,福建,北京,北京,北京
陈吉宁,,,,,,,,,,,,,,,,,,,,,,,,,,,,,,,,,,,,,,,,,,,,,,,,,,,,,北京,北京
陈全国,,,,,,,,,,,,,驻马店,郑州,郑州,郑州,平舆县,平舆县,驻马店,驻马店,驻马店,驻马店,驻马店,遂平县,遂平县,遂平县,遂平县,遂平县,遂平县,平顶山市,武汉,武汉,武汉,河南省,武汉,武汉,武汉,武汉,武汉,武汉,武汉,武汉,武汉,武汉,河北省,河北省,西藏自治区,西藏自治区,西藏自治区,西藏自治区,西藏自治区,新疆维吾尔,新疆维吾尔,新疆维吾尔
陈求发,,,,,,,,,湖南省,湖南省,湖南省,湖南省,湖南省,湖南省,湖南省,湖南省,湖南省,湖南省,湖南省,湖南省,湖南省,湖南省,湖南省,湖南省,湖南省,湖南省,湖南省,湖南省,湖南省,湖南省,湖南省,湖南省,湖南省,湖南省,湖南省,北京,北京,北京,北京,北京,北京,北京,北京,北京,北京,北京,北京,北京,北京,北京,辽宁省,辽宁省,北京,北京
陈宝生,,,,,,,,,,榆中县,榆中县,榆中县,榆中县,北京,北京,北京,北京,甘肃省,甘肃省,甘肃省,甘肃省,甘肃省,甘肃省,甘肃省,甘肃省,甘肃省,甘肃省,甘肃省,甘肃省,甘肃省,甘肃省,甘肃省,甘肃省,甘肃省,酒泉,酒泉,酒泉,北京,北京,北京,兰州市,兰州市,兰州市,北京,北京,北京,北京,北京,北京,北京,北京,甘肃省,甘肃省,甘肃省
陈润儿,,,,,,,,,,,陵县,陵县,陵县,陵县,陵县,陵县,陵县,陵县,湖南,湖南,陵县,陵县,陵县,陵县,陵县,陵县,陵县,郴州市,北京,北京,北京,北京,娄底,娄底,湖南省,湘潭市,湘潭市,湘潭市,湘潭市,湘潭市,湘潭市,长沙市,长沙市,长沙市,长沙市,长沙市,长沙市,长沙市,黑龙江省,黑龙江省,黑龙江省,河南省,河南省,河南省
陈敏尔,,,,,,,,,,,,,,绍兴,绍兴,绍兴,绍兴,浙江省,绍兴市,绍兴市,绍兴市,绍兴市,兴县,兴县,绍兴市,兴县,兴县,兴县,兴县,兴县,北京,北京,北京,北京,浙江,浙江,浙江省,浙江省,浙江省,浙江省,浙江省,浙江省,浙江省,浙江省,浙江省,浙江省,浙江省,贵州省,贵州省,贵州省,贵州省,贵州省,重庆市,重庆市
努尔兰·阿不都满金,,,,,,,,,,,,,,,,,,,,,巩留县,巩留县,巩留县,巩留县,巩留县,北京,北京,伊犁哈萨克自治州,伊犁哈萨克自治州,伊犁哈萨克自治州,新疆维吾尔,新疆维吾尔,新疆维吾尔,北京,北京,北京,伊犁哈萨克自治州,伊犁哈萨克自治州,新疆维吾尔,新疆维吾尔,新疆维吾尔,新疆维吾尔,新疆维吾尔,新疆维吾尔,新疆维吾尔,新疆维吾尔,新疆维吾尔,新疆维吾尔,新疆维吾尔,新疆维吾尔,新疆维吾尔,新疆维吾尔,新疆维吾尔,新疆维吾尔
苗圩,,,,,,,,,,,,,,,,,,合肥,合肥,合肥,合肥,合肥,合肥,合肥,合肥,合肥,合肥,合肥,合肥,合肥,合肥,合肥,合肥,合肥,合肥,合肥,合肥,合肥,合肥,合肥,武汉市,武汉市,武汉市,武汉市,武汉市,武汉市,武汉市,武汉市,武汉市,武汉市,北京,北京,北京,北京
苗华,,,,,,,,,,,,,,,,,,,,,,,,,,,,,,,,,,,,,,,,,,,,,,兰州,兰州,兰州,兰州,兰州,兰州,兰州,北京,北京
苟仲文,,,,,,,,,,,,,,,,,,,,,,,,,,,,,,,,,,,,,,,,,,,,,,,,北京市,北京市,北京市,北京市,北京,北京,北京
范骁骏,,,,,,,,,,,,,,,,,,,,,,,,,,,,,,,,,,,,,,,,,北京,北京,北京,广州,广州,广州,广州,广州,广州,济南,济南,济南,北京,北京
林铎,,,,,,,,,,,,,,,,,,北京市,北京市,北京市,北京市,北京市,北京市,北京市,北京市,北京市,北京市,北京市,北京市,北京市,北京市,北京市,北京市,北京市,北京市,北京市,北京市,北京市,城区,城区,城区,城区,城区,城区,城区,哈尔滨市,哈尔滨市,哈尔滨市,哈尔滨市,辽宁省,北京,甘肃省,北京,北京
尚宏,,,,,,,,,,,,,,,,,,,,,,,,,,,,,,,,,,,,,,,,,,,,,,,,,,,,酒泉,酒泉,酒泉
金壮龙,,,,,,,,,,,,,,,,,,,,,,,,,上海,上海,上海,上海,上海,上海,上海,上海,上海,上海,上海,上海,上海,上海,上海,上海,上海,上海,上海,上海,上海,上海,上海,上海,上海,上海,上海,上海,北京,北京
周强,,,,,,,,,,,,梅县,梅县,梅县,梅县,梅县,梅县,梅县,梅县,梅县,梅县,梅县,梅县,梅县,梅县,梅县,梅县,梅县,深圳市,深圳市,北京,北京,北京,北京,北京,北京,北京,北京,北京,北京,北京,湖南省,湖南省,湖南省,湖南省,湖南省,湖南省,湖南省,湖南省,湖南省,湖南省,湖南省,湖南省,湖南省
周亚宁,,,,,,,,,,,,,,,,,,,,,,,,,,,,,,,,,,,,,,,,,,,,安徽,昆明,昆明,昆明,昆明,昆明,昆明,昆明,昆明,北京,北京
郑和,,,,,,,,,,,,,,,,,,,,,,,,,,,,,,,,,,,,,,,,,,,,,,,,,南京,南京,南京,成都,北京,北京
郑卫平,,,,,,,,,,,,,,,,,,,,,,,,,,,,,,,,,,,,,,,,,,,广州,广州,广州,广州,广州,南京,南京,南京,南京,南京,北京,北京
郑晓松,,,,,,,,,,,,,,,,,,,,,,,,,,,,,,,,,,,,,,,,,,,,,,,,,福建省,福建省,福建省,北京,北京,北京
孟祥锋,,,,,,,,,,,,,,,,,,,,,,,,,,,,,,,,,,,,,,,,,,,北京,杭州市,杭州市,杭州市,辽宁省,辽宁省,辽宁省,辽宁省,北京,北京,北京,北京
赵乐际,,,,,,,,,,贵德县,青海省,青海省,北京,北京,北京,青海省,青海省,青海省,青海省,青海省,青海省,青海省,青海省,青海省,青海省,青海省,青海省,青海省,青海省,青海省,青海省,青海省,西宁市,西宁市,北京,青海省,青海省,青海省,青海省,青海省,北京,北京,北京,陕西省,陕西省,陕西省,陕西省,陕西省,陕西省,陕西省,陕西省,陕西省,北京,北京
赵克志,,,,,,,,,山东省,山东省,山东省,山东省,山东省,山东省,山东省,山东省,山东省,山东省,山东省,山东省,山东省,山东省,即墨市,即墨市,即墨市,即墨市,山东省,山东省,山东省,山东省,北京,北京,北京,北京,北京,北京,山东省,山东省,山东省,山东省,山东省,江苏省,江苏省,江苏省,江苏省,贵州省,贵州省,贵州省,贵州省,贵州省,河北省,河北省,北京,北京
赵宗岐,,,,,,,,,,,,,,,,,,,,,,,,,,,,,,,,,,,重庆,重庆,重庆,重庆,重庆,重庆,重庆,重庆,重庆,济南,济南,济南,济南,济南,济南,济南,济南,北京,北京,北京
郝鹏,,,,,,,,,,,,渭源县,渭源县,渭源县,渭源县,渭源县,渭源县,兰州,兰州,兰州,兰州,兰州,兰州,兰州,兰州,兰州,兰州,兰州,兰州,兰州,兰州,兰州,兰州,兰州,甘肃省,兰州市,兰州市,兰州市,西藏自治区,西藏自治区,西藏自治区,西藏自治区,西藏自治区,西藏自治区,西藏自治区,西藏自治区,西藏自治区,西藏自治区,青海省,青海省,青海省,北京,北京,北京
胡和平,,,,,,,,,,,,,,,,,,,,,,,,,,,,,,,,,,,,,,,,,,,,北京,北京,北京,北京,北京,浙江省,浙江省,延安,陕西省,陕西省,陕西省
胡泽君,,,,,,,,,,西充县,西充县,西充县,南充,南充,南充,南充,南充,南充,南充,南充,南充,南充,南充,南充,南充,南充,南充,南充,南充,北京,北京,北京,北京,北京,北京,北京,北京,北京,北京,广东省,广东省,广东省,广东省,广东省,广东省,北京,北京,北京,北京,北京,北京,北京,北京,北京
胡春华,,,,,,,,,,,,,,,北京,北京,北京,北京,西藏自治区,西藏自治区,西藏自治区,西藏自治区,西藏自治区,西藏自治区,西藏自治区,西藏自治区,西藏自治区,林芝地区,林芝地区,林芝地区,西藏自治区,西藏自治区,北京,北京,北京,北京,北京,北京,西藏自治区,西藏自治区,西藏自治区,西藏自治区,西藏自治区,北京,河北省,内蒙古自治区,内蒙古自治区,内蒙古自治区,内蒙古自治区,内蒙古自治区,内蒙古自治区,内蒙古自治区,北京,北京
咸辉,,,,,,,,,,,定西,定西,定西,北京,北京,北京,北京,甘肃省,甘肃省,甘肃省,甘肃省,甘肃省,甘肃省,甘肃省,甘肃省,甘肃省,甘肃省,甘肃省,甘肃省,甘肃省,甘肃省,甘肃省,甘肃省,甘肃省,甘肃省,甘肃省,兰州,兰州,兰州,甘肃省,兰州市,兰州市,兰州,兰州,兰州,兰州,兰州,甘肃省,甘肃,甘肃,甘肃,北京,北京,北京
钟山,,,,,,,,,,,,,,,,,,,,,,,,,,,,,,,,,,浙江,浙江,浙江,浙江,浙江,浙江省,浙江省,浙江省,浙江省,浙江省,浙江省,浙江省,浙江省,浙江省,浙江省,浙江省,浙江省,浙江省,浙江省,北京,北京
信春鹰,,,,,,,,,,,吉林,吉林,吉林,吉林,吉林,吉林,吉林,吉林,吉林,吉林,吉林,吉林,吉林,吉林,吉林,吉林,澳门,澳门,澳门,澳门,澳门,澳门,澳门,澳门,澳门,澳门,澳门,澳门,澳门,澳门,澳门,澳门,澳门,澳门,澳门,澳门,澳门,澳门,澳门,澳门,北京,北京,北京,北京
侯建国,,,,,,,,,,,,福建省,福建省,福建省,福建省,福建省,福建省,福建省,福建省,福建省,福建省,福建省,福建省,福建省,福建,福建,福建,福建,福建,福建,福建,福建,福建,福建,福建,福建,福建,福建,福建,福建,福建,福建,福建,福建,福建,福建,福建,福建,福建,福建,福建,福建,广西壮族自治区,广西壮族自治区
娄勤俭,,,,,,,,,桐梓县,桐梓县,桐梓县,桐梓县,桐梓县,桐梓县,桐梓县,桐梓县,桐梓县,桐梓县,桐梓县,桐梓县,桐梓县,桐梓县,桐梓县,桐梓县,桐梓县,桐梓县,桐梓县,桐梓县,桐梓县,桐梓县,桐梓县,北京,北京,北京,北京,北京,北京,北京,北京,北京,北京,北京,北京,北京,北京,陕西省,陕西省,陕西省,陕西省,陕西省,陕西省,陕西省,江苏省,江苏省
洛桑江村,,,,,,,,,,,,,,,,,,,,,,西藏自治区,西藏自治区,西藏自治区,西藏自治区,北京,北京,西藏自治区,西藏自治区,西藏自治区,拉萨市,拉萨市,拉萨市,拉萨市,拉萨市,拉萨市,北京,北京,北京,北京,北京,西藏自治区,西藏自治区,西藏自治区,西藏自治区,西藏自治区,西藏自治区,西藏自治区,西藏自治区,西藏自治区,西藏自治区,西藏自治区,北京,北京
骆惠宁,,,,,,郊区,鞍山,鞍山,鞍山,鞍山,鞍山,鞍山,鞍山,安徽,安徽,安徽,安徽,安徽省,安徽省,安徽省,安徽省,安徽省,安徽省,安徽,安徽,安徽,安徽省,安徽省,安徽省,安徽省,安徽省,安徽省,安徽省,巢湖,安徽省,安徽省,安徽省,安徽省,青海省,青海省,青海省,青海省,青海省,青海省,青海省,青海省,青海省,青海省,青海省,青海省,青海省,山西省,北京,北京
秦生祥,,,,,,,,,,,,,,,,,,,,,,,,,,,,,,,,,,,,,,北京,北京,北京,北京,北京,北京,北京,北京,北京,北京,北京,北京,北京,北京,北京,北京,北京
袁家军,,,,,,,,,,,,,,,,北京,北京,北京,北京,北京,北京,北京,北京,北京,北京,北京,北京,北京,北京,北京,北京,北京,北京,北京,北京,北京,北京,北京,北京,北京,北京,北京,北京,北京,北京,北京,北京,北京,宁夏回族自治区,浙江省,浙江省,浙江省,浙江省,浙江省
袁誉柏,,,,安县,安县,安县,安县,安县,安县,安县,安县,青岛,青岛,青岛,青岛,青岛,青岛,青岛,青岛,青岛,青岛,青岛,青岛,青岛,青岛,青岛,青岛,青岛,青岛,青岛,青岛,青岛,青岛,青岛,青岛,青岛,青岛,青岛,青岛,青岛,青岛,青岛,青岛,青岛,青岛,北海,北海,北海,北海,北海,北海,北海,北京,北京
袁曙宏,,,,,,,,,,,,,,,,,,,,安徽,安徽,安徽,安徽,安徽,安徽,安徽,安徽,安徽,北京,北京,北京,北京,北京,北京,北京,北京,北京,北京,北京,北京,北京,北京,北京,北京,北京,北京,北京,北京,北京,北京,北京,北京,北京,北京
聂辰席,,,,,,,,,,寿县,寿县,寿县,寿县,寿县,寿县,河北省,河北省,河北省,河北省,河北省,河北省,河北省,河北省,河北,河北,河北,河北省,河北省,河北省,河北省,河北省,河北省,河北省,河北省,天津,天津,天津,天津,天津,邯郸市,邯郸市,河北省,河北省,河北省,河北省,河北省,河北省,河北省,河北省,河北省,北京,北京,北京,北京
栗战书,,,,,,,石家庄,石家庄,石家庄,石家庄,石家庄,石家庄,石家庄,石家庄,石家庄,河北,河北,河北,无极县,无极县,石家庄,河北省,河北省,北京,北京,承德,承德,北京,北京,北京,北京,北京,河北省,陕西省,陕西省,陕西省,陕西省,西安市,黑龙江省,黑龙江省,哈尔滨,哈尔滨,黑龙江省,黑龙江省,黑龙江省,贵州省,贵州省,北京,北京,北京,北京,北京,北京,北京
钱小芊,,,,,,,,,上海市,上海市,上海市,上海市,上海市,上海市,上海市,上海市,上海市,上海市,上海市,上海市,上海市,上海市,上海市,上海市,上海市,上海市,北京,北京,北京,北京,北京,北京,北京,北京,北京,北京,北京,北京,北京,北京,北京,北京,北京,北京,北京,北京,北京,北京,北京,北京,北京,北京,北京,北京
铁凝,,,,,,,,,,,博野县,博野县,博野县,博野县,保定,保定,保定,保定,保定,保定,保定,河北省,河北省,河北省,河北省,河北省,河北省,河北省,河北省,河北省,河北省,河北省,河北省,河北省,河北省,河北省,河北省,河北省,河北省,河北省,河北省,河北省,河北省,河北省,河北省,河北省,河北省,河北省,河北省,河北省,河北省,北京,北京,北京
倪岳峰,,,,,,,,,,,,,,,,合肥,合肥,合肥,合肥,合肥,合肥,合肥,合肥,合肥,合肥,合肥,合肥,合肥,青岛市,青岛市,青岛市,青岛市,青岛市,青岛市,青岛市,青岛市,青岛市,青岛市,青岛市,青岛市,青岛市,青岛市,青岛市,青岛市,青岛市,青岛市,福建省,福建省,福建省,福建省,福建省,福州市,福建省,福建省
徐麟,,,,,,,,,,,,,,,,,,上海市,上海市,上海市,上海市,上海市,上海市,上海市,上海市,上海市,上海市,上海市,上海市,上海市,上海市,上海市,上海市,上海市,上海市,上海市,上海市,上海市,上海市,上海市,上海市,上海市,上海市,浦东新区,浦东新区,浦东新区,浦东新区,浦东新区,上海市,上海市,北京,北京,北京,北京
徐乐江,,,,,,,,,,安县,安县,安县,安县,江西,江西,江西,江西,江西,江西,江西,江西,上海,上海,上海,上海,上海,上海,上海,上海,上海,上海,上海,上海,上海,上海,香港,香港,北京,北京,北京,上海,上海,上海,上海,上海,上海,上海,上海,上海,上海,上海,上海,北京,北京
徐安祥,,,,,,,,,,,,,,,,,,,,,,,,,,,,,,,,,,,,,,,,,,,南京,南京,南京,南京,南京,广州,广州,广州,广州,北京,北京,北京
高津,,,,,,,,,,,,,,,,,,,,,,,,,,,,,,,,,,,,,,,,,,,,,,,,,,,北京,北京,北京,北京
郭声琨,,,,,,,,,兴国县,兴国县,兴国县,兴国县,江西,江西,江西,江西,江西,江西,江西,江西,江西,江西,江西,江西,江西,江西,江西,江西,南昌,南昌,北京,北京,北京,北京,北京,北京,北京,北京,北京,北京,北京,北京,广西壮族自治区,广西壮族自治区,广西壮族自治区,广西壮族自治区,广西壮族自治区,广西壮族自治区,北京,北京,北京,北京,北京,北京
郭树清,,,,,,,,,,四子王旗,四子王旗,四子王旗,四子王旗,四子王旗,四子王旗,四子王旗,四子王旗,四子王旗,四子王旗,四子王旗,四子王旗,四子王旗,四子王旗,四子王旗,四子王旗,四子王旗,四子王旗,四子王旗,四子王旗,四子王旗,四子王旗,四子王旗,四子王旗,贵州省,贵州省,贵州省,贵州省,贵州省,贵州省,北京,北京,北京,北京,北京,北京,北京,北京,北京,山东省,山东省,山东省,山东省,北京,北京
唐仁健,,,,,,,,,,,,,,,四川,四川,四川,四川,四川,北京市,北京市,北京市,北京市,北京市,北京市,北京市,北京市,北京市,北京市,北京市,北京市,北京市,北京市,北京,北京,北京,北京,北京,北京,北京,北京,北京,北京,北京,北京,北京,北京,北京,北京,广西壮族自治区,广西壮族自治区,广西壮族自治区,甘肃省,甘肃省
黄明,,,,,,,,,,,兴化市,兴化市,兴化市,江苏,江苏,江苏,江苏,宁县,宁县,宁县,宁县,宁县,宁县,宁县,宁县,江苏省,江苏省,江苏省,江苏省,江苏省,南京,南京,南京,南京,南京,南京,南京,南京,江苏省,江苏省,江苏省,江苏省,江苏省,江苏省,江苏省,江苏省,江苏省,江苏省,江苏省,江苏省,江苏省,北京,北京,北京
黄守宏,,,,,,,,,,,,,,,,,,,,,,,,,,,,,北京,北京,北京,北京,北京,北京,北京,北京,北京,北京,北京,北京,北京,北京,北京,北京,北京,北京,北京,北京,北京,北京,北京,北京,北京,北京
黄坤明,,,,,,,,,,,,,上杭县,福建,福建,福建,福建,龙岩,龙岩,龙岩,北京,北京,北京,龙岩,龙岩,龙岩,龙岩,龙岩,永定县,永定县,永定县,永定县,永定县,龙岩市,湖州市,湖州市,湖州市,湖州市,嘉兴市,嘉兴市,嘉兴市,嘉兴市,浙江省,浙江省,浙江省,杭州市,杭州市,杭州市,北京,北京,北京,北京,北京,北京
黄树贤,,,,,,,,,,,南京,南京,江苏省,江苏省,江苏省,江苏省,江苏省,江苏省,代县,代县,江苏省,江苏省,江苏省,江苏省,江苏省,江苏省,江苏省,南京,南京,南京,南京,南京,江苏省,江苏省,江苏省,江苏省,江苏省,北京,北京,北京,北京,北京,北京,北京,北京,北京,北京,北京,北京,北京,北京,北京,北京,北京
曹建明,,,,,,,,静安区,静安区,静安区,上海市,上海市,上海市,上海市,上海市,上海市,上海市,上海市,上海市,上海市,上海市,上海市,上海市,上海市,上海市,上海市,上海市,上海市,上海市,上海市,上海市,上海市,上海市,上海市,上海市,上海市,北京,北京,北京,北京,北京,北京,北京,北京,北京,北京,北京,北京,北京,北京,北京,北京,北京,北京
龚正,,,,,,,,,,,,,,北京,北京,北京,北京,北京,北京,北京,北京,北京,北京,北京,北京,北京,北京,北京,天津,天津,天津,天津,天津,天津,天津,天津,厦门,厦门,厦门,北京,北京,北京,北京,浙江省,浙江省,浙江省,浙江省,浙江省,杭州市,杭州市,山东省,山东省,山东省,山东省
盛斌,,,,,,,,,,,,,,,,,,,,,,,,,,,,,,,,,,,,,,,,,,,,,,,,,,黑龙江省,黑龙江省,北京,北京,北京
雪克来提·扎克尔,,,,,,乌鲁木齐县,乌鲁木齐县,乌鲁木齐市,乌鲁木齐市,乌鲁木齐县,乌鲁木齐县,乌鲁木齐县,乌鲁木齐县,湖北,湖北,湖北,湖北,乌鲁木齐,乌鲁木齐,乌鲁木齐,乌鲁木齐,乌鲁木齐,乌鲁木齐,新疆维吾尔,新疆维吾尔,新疆维吾尔,新疆维吾尔,新疆维吾尔,新疆维吾尔,新疆维吾尔,新疆维吾尔,北京,北京,北京,北京,乌鲁木齐市,乌鲁木齐市,乌鲁木齐市,天津,天津,天津,天津,天津,天津,天津,天津,天津,天津,新疆维吾尔,新疆维吾尔,北京,北京,北京,北京
鄂竟平,,,,,,,,,白山,白山,吉林省,吉林省,吉林省,吉林省,吉林省,吉林省,吉林省,吉林省,吉林省,吉林省,吉林省,吉林省,吉林省,吉林省,吉林省,吉林省,吉林省,吉林省,吉林省,吉林省,吉林省,吉林省,吉林省,吉林省,吉林省,吉林省,吉林省,吉林省,吉林省,吉林省,吉林省,吉林省,吉林省,吉林省,吉林省,北京,北京,北京,北京,北京,北京,北京,北京,北京
鹿心社,,,,,,,,,,,,,,武汉,武汉,武汉,武汉,武汉,武汉,武汉,武汉,武汉,武汉,武汉,北京,北京,北京,北京,北京,北京,南通市,南通市,南通市,南通市,南通市,北京,北京,北京,北京,北京,北京,北京,北京,北京,北京,甘肃省,江西省,江西省,江西省,北京,北京,江西省,江西省,江西省
谌贻琴,,,,,,,,,,,,,织金县,贵州,贵州,贵州,贵州,贵州省,贵州省,贵州省,贵州省,贵州省,贵州省,贵州省,贵州省,织金县,织金县,织金县,贵州省,贵州省,贵州省,贵州省,贵州省,北京,北京,北京,贵州省,贵州省,贵州省,贵州省,贵州省,贵州省,贵州省,贵州省,北京,北京,北京,贵州省,贵州省,贵州省,贵州省,贵州省,贵州省,贵州省
彭清华,,,,,,,,,,湖北省,湖北省,湖北省,湖北省,湖北省,北京,北京,北京,北京,北京,北京,北京,北京,北京,北京,北京,北京,北京,北京,北京,北京,北京,中山,中山,中山,中山,中山,中山,中山,北京,北京,北京,北京,北京,北京,北京,北京,北京,广西壮族自治区,广西壮族自治区,广西壮族自治区,广西壮族自治区,广西壮族自治区,广西壮族自治区,广西壮族自治区
蒋超良,,,,,,,,,,湖南省,湖南省,湖南省,湖南省,湖南,湖南,湖南,湖南,湖南,湖南,湖南,湖南,湖南,湖南,湖南,湖南,湖南,湖南,湖南,湖南,湖南,湖南,湖南,深圳,广州,广州,广州,广州,湖北省,湖北省,湖北省,湖北省,湖北省,湖北省,北京,北京,北京,北京,北京,北京,吉林省,吉林省,湖北省,北京,北京
韩正,,,,,,,,,,,上海,上海,上海,上海,上海,上海市,上海市,上海市,上海市,上海市,上海市,上海市,上海,上海,上海,上海市,上海市,卢湾区,卢湾区,卢湾区,上海市,上海市,上海市,上海市,上海市,上海市,上海市,上海市,上海市,上海市,上海市,上海市,上海市,上海市,上海市,上海,上海市,上海市,上海市,上海市,上海市,上海市,北京,北京
韩卫国,,,,,,,,,,,,,,,,,,,,,,,,,,,,,,,,,,,,,,,,,,,,,,,,,南京,南京,北京,北京,北京,北京
韩长赋,,,,,,,,,宾县,宾县,黑龙江省,宾县,宾县,宾县,北京,北京,北京,北京,北京,北京,山西,山西,北京,北京,北京,北京,北京,北京,北京,北京,北京,北京,北京,北京,北京,北京,北京,北京,北京,北京,北京,吉林省,吉林省,吉林省,北京,北京,北京,北京,北京,北京,北京,北京,北京,北京
傅政华,,,,,,,,,,,,,,,,,,,,,,,,,,,,,,,,,,,,,,,,,,,,,,北京市,北京市,北京市,北京市,北京市,北京,北京,北京,北京
谢伏瞻,,,,,,,,,湖北省,湖北省,湖北省,湖北省,湖北省,湖北省,湖北省,湖北省,湖北省,湖北省,湖北省,湖北省,湖北省,湖北省,湖北省,湖北省,湖北省,湖北省,湖北省,湖北省,湖北省,湖北省,湖北省,湖北省,湖北省,湖北省,湖北省,湖北省,北京,北京,北京,北京,北京,北京,北京,北京,北京,北京,北京,北京,河南省,河南省,河南省,河南省,河南省,河南省
楼阳生,,,,,,,,,,,,浦江县,浦江县,浙江,浙江,浙江,浙江,龙游县,龙游县,龙游县,龙游县,龙游县,龙游县,龙游县,衢州市,衢州市,浙江省,浙江省,北京,浙江,浙江,浙江,浙江,浙江省,金华市,金华市,金华市,金华市,丽水市,丽水市,丽水市,丽水市,丽水市,浙江省,海南省,海南省,海南省,湖北省,湖北省,山西省,山西省,山西省,山西省,山西省
蔡奇,,,,,,,,,安县,安县,福建,福建,福建,福建,福建,福建,福建,福建,福建省,福建省,福建省,福建省,福建省,福建省,福建省,福建省,福建省,福建省,福建省,福建,福建,福建,三明市,福建,福建,福建,福建,衢州市,衢州市,台州市,台州市,台州市,杭州市,杭州市,杭州市,浙江省,浙江省,浙江省,浙江省,北京,北京,北京,北京,北京
蔡名照,,,,,,,,,,,,连云港市,连云港市,江苏,江苏,南京,南京,南京,南京,南京,江苏,江苏,江苏,江苏,江苏,江苏,江苏,山东,山东,山东,北京,北京,北京,北京,北京,北京,北京,北京,北京,北京,北京,北京,北京,北京,北京,北京,北京,北京,北京,北京,北京,北京,北京,北京
